{"cameraMode":{"drawMode":0,"name":"Shaded","section":"Shading Mode"},"sceneLighting":true,"audioPlay":false,"sceneViewState":{"m_AlwaysRefresh":false,"showFog":true,"showSkybox":true,"showFlares":true,"showImageEffects":true,"showParticleSystems":true,"showVisualEffectGraphs":true,"m_FxEnabled":true},"in2DMode":false,"pivot":{"x":13.586750030517579,"y":-50.231773376464847,"z":-103.31887817382813},"rotation":{"x":-0.15108278393745423,"y":0.042495470494031909,"z":-0.006363639608025551,"w":-0.9875332117080689},"size":93.46983337402344,"orthographic":false}